{
  "minecraft:recipes/tools/flint_and_steel": {
    "criteria": {
      "has_flint": "2021-09-03 12:11:07 +0800"
    },
    "done": true
  },
  "minecraft:recipes/decorations/fletching_table": {
    "criteria": {
      "has_flint": "2021-09-03 12:11:07 +0800"
    },
    "done": true
  },
  "minecraft:recipes/combat/arrow": {
    "criteria": {
      "has_flint": "2021-09-03 12:11:07 +0800"
    },
    "done": true
  },
  "minecraft:adventure/adventuring_time": {
    "criteria": {
      "minecraft:forest": "2021-09-03 12:02:56 +0800"
    },
    "done": false
  },
  "DataVersion": 2586
}