{"stats":{"minecraft:broken":{"earth_pulsation:samsung_note_7":10},"minecraft:killed":{"minecraft:spider":1},"minecraft:used":{"earth_pulsation:big_apple_block":6,"earth_pulsation:wooden_block":7,"minecraft:ender_eye":13,"earth_pulsation:place_on_water_plate":44,"minecraft:grass_block":1},"minecraft:custom":{"minecraft:time_since_rest":20457,"minecraft:deaths":1,"minecraft:crouch_one_cm":63,"minecraft:play_one_minute":27546,"minecraft:walk_one_cm":11299,"minecraft:sprint_one_cm":4967,"minecraft:damage_taken":980,"minecraft:sneak_time":740,"minecraft:walk_under_water_one_cm":2119,"minecraft:mob_kills":2,"minecraft:jump":28,"minecraft:leave_game":6,"minecraft:walk_on_water_one_cm":10373,"minecraft:time_since_death":20307,"minecraft:fall_one_cm":209,"minecraft:fly_one_cm":535342},"minecraft:mined":{"earth_pulsation:big_apple_block":1},"minecraft:picked_up":{"earth_pulsation:big_apple_piece":8,"earth_pulsation:place_on_water_plate":6}},"DataVersion":2586}