{"stats":{"minecraft:broken":{"earth_pulsation:samsung_note_7":6},"minecraft:picked_up":{"minecraft:flint":1,"minecraft:dirt":16},"minecraft:used":{"earth_pulsation:lead_ore":1},"minecraft:custom":{"minecraft:jump":3,"minecraft:time_since_rest":314,"minecraft:play_one_minute":2276,"minecraft:leave_game":2,"minecraft:deaths":1,"minecraft:damage_taken":1070,"minecraft:time_since_death":271,"minecraft:walk_one_cm":2058,"minecraft:sneak_time":48,"minecraft:fall_one_cm":414,"minecraft:fly_one_cm":5927}},"DataVersion":2586}