{
  "minecraft:recipes/transportation/dark_oak_boat": {
    "criteria": {
      "in_water": "2021-09-03 18:28:25 +0800"
    },
    "done": true
  },
  "minecraft:recipes/transportation/birch_boat": {
    "criteria": {
      "in_water": "2021-09-03 18:28:25 +0800"
    },
    "done": true
  },
  "minecraft:recipes/decorations/chest": {
    "criteria": {
      "has_lots_of_items": "2021-09-03 18:49:52 +0800"
    },
    "done": true
  },
  "minecraft:adventure/kill_a_mob": {
    "criteria": {
      "minecraft:spider": "2021-09-03 19:33:31 +0800"
    },
    "done": true
  },
  "minecraft:adventure/kill_all_mobs": {
    "criteria": {
      "minecraft:spider": "2021-09-03 19:33:31 +0800"
    },
    "done": false
  },
  "minecraft:recipes/decorations/end_crystal": {
    "criteria": {
      "has_ender_eye": "2021-09-03 19:35:56 +0800"
    },
    "done": true
  },
  "minecraft:recipes/transportation/acacia_boat": {
    "criteria": {
      "in_water": "2021-09-03 18:28:25 +0800"
    },
    "done": true
  },
  "minecraft:recipes/transportation/oak_boat": {
    "criteria": {
      "in_water": "2021-09-03 18:28:25 +0800"
    },
    "done": true
  },
  "minecraft:adventure/root": {
    "criteria": {
      "killed_something": "2021-09-03 19:33:31 +0800"
    },
    "done": true
  },
  "minecraft:recipes/decorations/ender_chest": {
    "criteria": {
      "has_ender_eye": "2021-09-03 19:35:56 +0800"
    },
    "done": true
  },
  "minecraft:recipes/transportation/jungle_boat": {
    "criteria": {
      "in_water": "2021-09-03 18:28:25 +0800"
    },
    "done": true
  },
  "minecraft:recipes/transportation/spruce_boat": {
    "criteria": {
      "in_water": "2021-09-03 18:28:25 +0800"
    },
    "done": true
  },
  "minecraft:adventure/adventuring_time": {
    "criteria": {
      "minecraft:cold_ocean": "2021-09-03 19:30:19 +0800",
      "minecraft:forest": "2021-09-03 18:49:14 +0800",
      "minecraft:mountains": "2021-09-03 18:49:43 +0800",
      "minecraft:taiga": "2021-09-03 18:54:11 +0800",
      "minecraft:desert_hills": "2021-09-03 19:31:46 +0800",
      "minecraft:taiga_hills": "2021-09-03 18:54:14 +0800",
      "minecraft:desert": "2021-09-03 19:31:11 +0800",
      "minecraft:birch_forest": "2021-09-03 19:38:50 +0800",
      "minecraft:savanna_plateau": "2021-09-03 19:35:57 +0800",
      "minecraft:beach": "2021-09-03 18:54:06 +0800",
      "minecraft:dark_forest": "2021-09-03 19:28:49 +0800",
      "minecraft:river": "2021-09-03 18:53:11 +0800",
      "minecraft:wooded_mountains": "2021-09-03 18:53:51 +0800",
      "minecraft:wooded_hills": "2021-09-03 18:17:47 +0800",
      "minecraft:stone_shore": "2021-09-03 18:53:59 +0800",
      "minecraft:savanna": "2021-09-03 19:32:00 +0800",
      "minecraft:plains": "2021-09-03 19:29:20 +0800"
    },
    "done": false
  },
  "DataVersion": 2586
}